event_type,actual_departure_delay_min,actual_arrival_delay_min
Concert,8.655172413793103,12.832512315270936
Festival,8.995475113122172,12.76923076923077
None,8.72463768115942,13.526001705029838
Parade,9.238095238095237,13.619047619047619
Protest,9.255813953488373,13.895348837209303
Sports,7.693396226415095,12.820754716981131
