peak_hour,actual_departure_delay_min,actual_arrival_delay_min
0,8.633928571428571,13.302197802197803
1,8.832720588235293,13.360294117647058
