weather_condition,actual_departure_delay_min,actual_arrival_delay_min
Clear,9.008746355685131,13.501457725947521
Cloudy,8.778461538461539,13.073846153846153
Fog,8.23262839879154,12.879154078549849
Rain,8.504672897196262,13.623052959501557
Snow,9.2332361516035,13.533527696793003
Storm,8.341246290801188,13.287833827893175
